instance,vehicle_id,route,num_customers,route_load,route_length,capacity_limit,s_max,feasible,total_solution_length,execution_time_sec
A-n32-k5,1,depot -> 31 -> 27 -> 17 -> 13 -> 2 -> 8 -> 15 -> 30 -> 23 -> 19 -> depot,10,100,262.33,100,500.0,True,1146.4,0.0005950829999999963
A-n32-k5,2,depot -> 25 -> 28 -> 21 -> 6 -> 26 -> 11 -> 9 -> depot,7,97,262.01,100,500.0,True,1146.4,0.0005950829999999963
A-n32-k5,3,depot -> 14 -> 22 -> 32 -> 20 -> 18 -> 4 -> 24 -> depot,7,94,212.99,100,500.0,True,1146.4,0.0005950829999999963
A-n32-k5,4,depot -> 7 -> 3 -> 29 -> 5 -> 12 -> 10 -> depot,6,97,245.57,100,500.0,True,1146.4,0.0005950829999999963
A-n32-k5,5,depot -> 16 -> depot,1,22,163.49,100,500.0,True,1146.4,0.0005950829999999963
