instance,vehicle_id,route,num_customers,route_load,route_length,capacity_limit,s_max,feasible,total_solution_length,execution_time_sec
A-n48-k7,1,depot -> 18 -> 15 -> 19 -> 45 -> 36 -> 24 -> 44 -> 32 -> 33 -> depot,9,99,146.72,100,600.0,True,1179.82,13.319440125000002
A-n48-k7,2,depot -> 42 -> 3 -> 11 -> 34 -> 29 -> 46 -> depot,6,99,192.49,100,600.0,True,1179.82,13.319440125000002
A-n48-k7,3,depot -> 35 -> 10 -> 30 -> 22 -> 31 -> 47 -> 14 -> 5 -> 25 -> 43 -> 12 -> 8 -> depot,12,99,256.3,100,600.0,True,1179.82,13.319440125000002
A-n48-k7,4,depot -> 4 -> 21 -> 27 -> 40 -> 9 -> 16 -> 28 -> depot,7,98,208.3,100,600.0,True,1179.82,13.319440125000002
A-n48-k7,5,depot -> 23 -> 7 -> 2 -> 6 -> 13 -> depot,5,94,126.51,100,600.0,True,1179.82,13.319440125000002
A-n48-k7,6,depot -> 41 -> 37 -> 38 -> 39 -> 20 -> 26 -> depot,6,97,169.95,100,600.0,True,1179.82,13.319440125000002
A-n48-k7,7,depot -> 17 -> 48 -> depot,2,40,79.56,100,600.0,True,1179.82,13.319440125000002
