instance,vehicle_id,route,num_customers,route_load,route_length,capacity_limit,s_max,feasible,total_solution_length,execution_time_sec
A-n48-k7,1,depot -> 15 -> 18 -> 42 -> 3 -> 11 -> 34 -> depot,6,100,170.53,100,600.0,True,1266.08,13.147330333
A-n48-k7,2,depot -> 19 -> 45 -> 36 -> 24 -> 44 -> 32 -> 6 -> 23 -> 33 -> depot,9,100,141.36,100,600.0,True,1266.08,13.147330333
A-n48-k7,3,depot -> 41 -> 37 -> 38 -> 20 -> 39 -> 26 -> 8 -> depot,7,99,184.81,100,600.0,True,1266.08,13.147330333
A-n48-k7,4,depot -> 46 -> 35 -> 10 -> 25 -> 5 -> 43 -> 12 -> 16 -> 28 -> depot,9,99,212.7,100,600.0,True,1266.08,13.147330333
A-n48-k7,5,depot -> 30 -> 22 -> 31 -> 14 -> 47 -> 29 -> 17 -> 48 -> depot,8,96,207.98,100,600.0,True,1266.08,13.147330333
A-n48-k7,6,depot -> 21 -> 40 -> 27 -> 9 -> 4 -> 7 -> depot,6,90,243.8,100,600.0,True,1266.08,13.147330333
A-n48-k7,7,depot -> 13 -> 2 -> depot,2,42,104.9,100,600.0,True,1266.08,13.147330333
