instance,vehicle_id,route,num_customers,route_load,route_length,capacity_limit,s_max,feasible,total_solution_length,execution_time_sec
A-n48-k7,1,depot -> 15 -> 18 -> 19 -> 45 -> 36 -> 24 -> 44 -> 32 -> 33 -> depot,9,99,145.91,100,600.0,True,1476.57,0.0013325410000000204
A-n48-k7,2,depot -> 42 -> 48 -> 17 -> 11 -> 3 -> 30 -> 35 -> depot,7,99,219.53,100,600.0,True,1476.57,0.0013325410000000204
A-n48-k7,3,depot -> 13 -> 6 -> 2 -> 7 -> 23 -> 8 -> 43 -> depot,7,100,248.31,100,600.0,True,1476.57,0.0013325410000000204
A-n48-k7,4,depot -> 41 -> 37 -> 38 -> 20 -> 39 -> 26 -> depot,6,97,169.95,100,600.0,True,1476.57,0.0013325410000000204
A-n48-k7,5,depot -> 46 -> 28 -> 16 -> 9 -> 40 -> 27 -> 4 -> depot,7,100,203.28,100,600.0,True,1476.57,0.0013325410000000204
A-n48-k7,6,depot -> 29 -> 10 -> 25 -> 5 -> 14 -> 31 -> 22 -> 47 -> 12 -> depot,9,97,257.67,100,600.0,True,1476.57,0.0013325410000000204
A-n48-k7,7,depot -> 34 -> 21 -> depot,2,34,231.94,100,600.0,True,1476.57,0.0013325410000000204
