instance,vehicle_id,route,num_customers,route_load,route_length,capacity_limit,s_max,feasible,total_solution_length,execution_time_sec
A-n48-k7,1,depot -> 15 -> 18 -> 42 -> 3 -> 11 -> 34 -> depot,6,100,170.53,100,600.0,True,1232.24,13.480015292000001
A-n48-k7,2,depot -> 36 -> 45 -> 19 -> 6 -> 13 -> 44 -> depot,6,100,119.4,100,600.0,True,1232.24,13.480015292000001
A-n48-k7,3,depot -> 24 -> 2 -> 7 -> 23 -> 37 -> 41 -> 33 -> depot,7,99,162.35,100,600.0,True,1232.24,13.480015292000001
A-n48-k7,4,depot -> 32 -> 4 -> 21 -> 27 -> 40 -> 9 -> 16 -> 28 -> depot,8,100,237.75,100,600.0,True,1232.24,13.480015292000001
A-n48-k7,5,depot -> 8 -> 35 -> 43 -> 12 -> 5 -> 25 -> 14 -> 47 -> 31 -> 22 -> 30 -> 10 -> depot,12,99,255.44,100,600.0,True,1232.24,13.480015292000001
A-n48-k7,6,depot -> 20 -> 26 -> 39 -> 38 -> 46 -> 29 -> depot,6,88,207.21,100,600.0,True,1232.24,13.480015292000001
A-n48-k7,7,depot -> 17 -> 48 -> depot,2,40,79.56,100,600.0,True,1232.24,13.480015292000001
