instance,vehicle_id,route,num_customers,route_load,route_length,capacity_limit,s_max,feasible,total_solution_length,execution_time_sec
A-n60-k9,1,depot -> 42 -> 19 -> 34 -> 53 -> 20 -> 60 -> 39 -> 56 -> 51 -> depot,9,100,150.98,100,700.0,True,1969.98,0.0028255420000000697
A-n60-k9,2,depot -> 17 -> 21 -> 26 -> 47 -> 41 -> 12 -> 5 -> 22 -> 7 -> 3 -> 50 -> 33 -> depot,12,100,286.74,100,700.0,True,1969.98,0.0028255420000000697
A-n60-k9,3,depot -> 15 -> 48 -> 24 -> 35 -> 25 -> 59 -> 36 -> depot,7,100,143.8,100,700.0,True,1969.98,0.0028255420000000697
A-n60-k9,4,depot -> 4 -> 32 -> 29 -> 45 -> 2 -> 37 -> 23 -> 28 -> depot,8,100,258.93,100,700.0,True,1969.98,0.0028255420000000697
A-n60-k9,5,depot -> 16 -> 40 -> 27 -> 18 -> 58 -> 38 -> 6 -> depot,7,100,274.54,100,700.0,True,1969.98,0.0028255420000000697
A-n60-k9,6,depot -> 8 -> 14 -> 9 -> 30 -> 57 -> depot,5,99,197.16,100,700.0,True,1969.98,0.0028255420000000697
A-n60-k9,7,depot -> 54 -> 31 -> 11 -> 55 -> 46 -> depot,5,95,224.84,100,700.0,True,1969.98,0.0028255420000000697
A-n60-k9,8,depot -> 49 -> 43 -> 10 -> 52 -> depot,4,96,243.47,100,700.0,True,1969.98,0.0028255420000000697
A-n60-k9,9,depot -> 44 -> 13 -> depot,2,39,189.53,100,700.0,True,1969.98,0.0028255420000000697
