instance,vehicle_id,route,num_customers,route_load,route_length,capacity_limit,s_max,feasible,total_solution_length,execution_time_sec
A-n60-k9,1,depot -> 19 -> 42 -> 17 -> 21 -> 26 -> 47 -> 41 -> 12 -> 22 -> 5 -> depot,10,100,123.75,100,700.0,True,1562.86,21.036180875
A-n60-k9,2,depot -> 34 -> 53 -> 39 -> 60 -> 8 -> 30 -> depot,6,99,119.62,100,700.0,True,1562.86,21.036180875
A-n60-k9,3,depot -> 4 -> 7 -> 32 -> 29 -> 45 -> 54 -> 31 -> depot,7,100,204.4,100,700.0,True,1562.86,21.036180875
A-n60-k9,4,depot -> 33 -> 10 -> 52 -> 13 -> 44 -> 57 -> 38 -> 28 -> 20 -> depot,9,100,269.45,100,700.0,True,1562.86,21.036180875
A-n60-k9,5,depot -> 15 -> 48 -> 24 -> 35 -> 59 -> 25 -> 3 -> 50 -> depot,8,99,176.98,100,700.0,True,1562.86,21.036180875
A-n60-k9,6,depot -> 56 -> 36 -> 46 -> 6 -> 55 -> 11 -> 37 -> depot,7,97,207.17,100,700.0,True,1562.86,21.036180875
A-n60-k9,7,depot -> 51 -> 40 -> 27 -> 18 -> 58 -> 16 -> depot,6,93,160.73,100,700.0,True,1562.86,21.036180875
A-n60-k9,8,depot -> 2 -> 49 -> 23 -> 43 -> depot,4,98,189.25,100,700.0,True,1562.86,21.036180875
A-n60-k9,9,depot -> 14 -> 9 -> depot,2,43,111.51,100,700.0,True,1562.86,21.036180875
