instance,vehicle_id,route,num_customers,route_load,route_length,capacity_limit,s_max,feasible,total_solution_length,execution_time_sec
A-n60-k9,1,depot -> 42 -> 19 -> 34 -> 53 -> 20 -> 60 -> 39 -> 56 -> 51 -> depot,9,100,150.98,100,700.0,True,1649.76,20.961856459
A-n60-k9,2,depot -> 17 -> 21 -> 4 -> 47 -> 26 -> 15 -> 48 -> 24 -> 35 -> depot,9,100,130.14,100,700.0,True,1649.76,20.961856459
A-n60-k9,3,depot -> 36 -> 40 -> 16 -> 28 -> 18 -> 58 -> 38 -> 14 -> depot,8,99,165.65,100,700.0,True,1649.76,20.961856459
A-n60-k9,4,depot -> 6 -> 11 -> 55 -> 23 -> 49 -> 37 -> 50 -> depot,7,99,208.55,100,700.0,True,1649.76,20.961856459
A-n60-k9,5,depot -> 54 -> 31 -> 45 -> 2 -> 25 -> 3 -> 59 -> depot,7,99,212.99,100,700.0,True,1649.76,20.961856459
A-n60-k9,6,depot -> 8 -> 30 -> 9 -> 27 -> 57 -> 33 -> depot,6,100,221.81,100,700.0,True,1649.76,20.961856459
A-n60-k9,7,depot -> 41 -> 12 -> 22 -> 5 -> 7 -> 29 -> 32 -> depot,7,91,141.89,100,700.0,True,1649.76,20.961856459
A-n60-k9,8,depot -> 44 -> 13 -> 52 -> 10 -> 43 -> depot,5,93,245.69,100,700.0,True,1649.76,20.961856459
A-n60-k9,9,depot -> 46 -> depot,1,48,172.05,100,700.0,True,1649.76,20.961856459
