instance,vehicle_id,route,num_customers,route_load,route_length,capacity_limit,s_max,feasible,total_solution_length,execution_time_sec
A-n60-k9,1,depot -> 42 -> 19 -> 34 -> 53 -> 20 -> 39 -> 60 -> 15 -> depot,8,100,108.34,100,700.0,True,1596.38,21.064254207999998
A-n60-k9,2,depot -> 17 -> 21 -> 26 -> 47 -> 4 -> 12 -> 41 -> 5 -> 22 -> 32 -> 50 -> 3 -> depot,12,99,202.79,100,700.0,True,1596.38,21.064254207999998
A-n60-k9,3,depot -> 14 -> 9 -> 8 -> 30 -> 38 -> 28 -> 16 -> 56 -> depot,8,99,155.66,100,700.0,True,1596.38,21.064254207999998
A-n60-k9,4,depot -> 48 -> 24 -> 35 -> 59 -> 25 -> 29 -> depot,6,99,149.68,100,700.0,True,1596.38,21.064254207999998
A-n60-k9,5,depot -> 44 -> 57 -> 13 -> 52 -> 33 -> 10 -> 11 -> depot,7,99,266.68,100,700.0,True,1596.38,21.064254207999998
A-n60-k9,6,depot -> 37 -> 55 -> 6 -> 46 -> 43 -> depot,5,97,198.69,100,700.0,True,1596.38,21.064254207999998
A-n60-k9,7,depot -> 36 -> 51 -> 40 -> 27 -> 18 -> 58 -> depot,6,93,153.92,100,700.0,True,1596.38,21.064254207999998
A-n60-k9,8,depot -> 7 -> 49 -> 23 -> 2 -> depot,4,95,175.99,100,700.0,True,1596.38,21.064254207999998
A-n60-k9,9,depot -> 31 -> 54 -> 45 -> depot,3,48,184.62,100,700.0,True,1596.38,21.064254207999998
